tweet_id,processed_tweet
1,hero need deserve
2,nation wide manhunt dr swamy entered parliament still broke long nose indira escaped
3,lpd k9 juvenile injured officerinvolved shooting brave k9 hero shot max put
4,friendbefore thanking modi sb understand considers nehru villain hero.his hero patel really live
5,hero flight attendant saves girl human trafficking good morning b via
6,hes always hero motivation namma veettu EMO_POS spread nammaveettupillaisk
7,course dont see problem hero problem hero
8,guys sorry absent internet lost grandma monday kinda
9,timelo hero hit cinima share chiranjeevi flop mv share equal hbdevergreenmegastar
10,megastarchiranjeevi garu introducing tfi chiranjeevi garu like father chiranjeevi garu
11,kacchako hero team
12,xbox one games guitar hero guitar stereo headset ebay ends last price gbp
13,bts announced hero concept mama filmed video sperm dropped anything literally
14,hero generation
15,keep captivated right along sammy unfolds story horrific battle cancer
16,bts announced hero concept mama filmed video sperm dropped anything literally
17,bts announced hero concept mama filmed video sperm dropped anything literally
18,good morning patriots never stop fighting watching history unfold please donate
19,lucky dog darling stray euthanasia command today nycacc hero got
20,folk hero religious figure supporters useless attempt
21,handsome hero
22,congress used cbi get amit shah instead running faced like boss today home minister
23,congress used cbi get amit shah instead running faced like boss today home minister
24,timelo hero hit cinima share chiranjeevi flop mv share equal hbdevergreenmegastar
25,believe facetimed hero said sweet goes well
26,came jr artist becm villain becm multistarrer hero becm hero becm boss box office
27,watch cop saves twoweekold baby choking internet calls
28,easily ran away stayed behind saved life hero
29,hero among us
30,ninoynotahero gunned make one hero ninoy aquino hero
31,pc fact arrested open worms congress ecosystem pc links tv channels
32,kinda obvious
33,artur boruc lifts lid rangers blessing controversy celtic hero recalls hatred old
34,point trump built hitler ovens cult would probably applaud america needs hero step
35,word hero coincidence
36,chidambaram formally absconding evade arrest picking phone location known
37,hero garbage character competitive play menu aids
38,bts announced hero concept mama filmed video sperm dropped anything literally
39,playing hero mariah carey
40,hero
41,made art hope like one dear hero
42,amit shah cbi upa take watch compare chidambarammissing
43,blessed hero fgo fatego
44,vic mignogna checkpoint drop gif favorite character vic voiced
45,last dance invited please leave comment
46,tale two leaders amit shah surrendered cbi chidambaram absconding
47,great story pittie hero mans best friend pups never let us darby deserves
48,yeyeye ostentatious owlbear gal hero started calling
49,honestly great news means get less super hero movies
50,hero heck id take clamitans shots anywhere see
51,people comparing chidambaram amit shah calling vendetta remember one thing amit shah never ran
52,real hero
53,get nice drops hero mode gives website commissions per
54,hero eyes pretty cool
55,hero feartwd johndorie
56,proud partner bring great educational opportunities businesses
57,comment person called avenatti hero
58,keep captivated right along sammy unfolds story horrific battle
59,hero never knew needed
60,last dance invited please leave comment
61,great story pittie hero mans best friend pups never let us darby deserves
62,true hero new orleans morning whoever salute
63,bts announced hero concept mama filmed video sperm dropped anything literally
64,special tag hero inspiration motivator nammaveettupillaisk lets celebrate
65,movies yall pick spiderman best super hero time
66,jo tiny little bean fits perfectly hero perfect hessa ok done
67,able song first line born misfit grew miles
68,came jr artist becm villain becm multistarrer hero becm hero becm boss box office
69,hero inspiration dear brother always reciprocates love nammaveettupillaisk
70,nkemdimary igbonative south east governors greatest enemies people first resisted
71,nation wide manhunt dr swamy entered parliament still broke long nose indira escaped
72,love everything hero love style personality
73,
74,guys apparently jacqueline daughter mia huge fan vics one original kv though also
75,super cute didi marvel movie cosmic hero special exhibition shanghai dylanwang wanghedi
76,campaign againts zakir naik malaysiakini poof new frickin shit appeared
77,make today without crying ill damn super hero
78,hero bayern end clown
79,proud partner bring great educational opportunities businesses
80,hero shrimp man teleport
81,real american hero thank sharing dads story loved
82,talk water safety yyc carol henke calgary fire department often one leading conversation
83,pr nightmare makeawish accidentally sent costumed hero named terminally ill spiderman healthy house
84,bts announced hero concept mama filmed video sperm dropped anything literally
85,yehh finally boy came online thank god missing much aur kya dikh raha hai mera hero damn
86,hey im running great north run dressed wonder woman try break world record
87,nina turner works ass every day make life better people neera tanden works ass every day
88,dong zong true hero
89,read arey bhai please someone tell chidambaram surrender yaha humlogo ka defend karna impossible hote ja
90,bts announced hero concept mama filmed video sperm dropped anything literally
91,special tag hero inspiration motivator nammaveettupillaisk lets
92,aweinspiring read faith braveness grew met jesus older brother shane
93,course dont see problem hero problem hero
94,every hero wear cape
95,bts announced hero concept mama filmed video sperm dropped anything literally
96,bts announced hero concept mama filmed video sperm dropped anything literally
97,lesser note someone tell find pair boots like please
98,paul labile pogba one entertaining players world current world cup winner hell come back
99,name hero turkish soldier see halisdemir july martyred preventing
100,wishing super birthday great year ahead super boss spearheading hero happy birthday russ
