tweet_id,tweet_text,polarity
1,"@ggiittiikkaa congress is deep rooted in corruption, black money, power hungry.. #CongressMuktBharat",positive
2,"#AskSportsTak 
Kl average in test(opener)  - 36
Rohit average in test (6 or 7no) - 39.6 .
Why kl rahul is permanent‚Ä¶ https://t.co/t3jRu1PXcE",neutral
3,"RT @DattaVikramjit: Those who support GST are anti national :- @PChidambaram_IN
How did Malaya and other runaway 
Government failure :- @PC‚Ä¶",neutral
4,"Check at @INCIndia headquarters, he may be hiding there, check sonia, rahul homes,he can hide there, even check SC‚Ä¶ https://t.co/5Do89yNZI7",positive
5,"@RahulGandhi Ironically, A large section of so called ""Spineless"" Media is with Rahul and Anti Modi.",positive
6,@fayedsouza Rahul Gandhi from Standup comedian's Industry...,positive
7,@ashokepandit @rahul_sharma108 Hard earned money of taxpayers is not for leisure.,negative
8,"RT @TimesNow: SENSATIONAL CHARGE by @Swamy39. He says, P Chidambaram is Gandhis‚Äô ‚Äòmoney launderer‚Äô. | INDIA UPFRONT with Rahul Shivshankar.‚Ä¶",neutral
9,"RT @TimesNow: SENSATIONAL CHARGE by @Swamy39. He says, P Chidambaram is Gandhis‚Äô ‚Äòmoney launderer‚Äô. | INDIA UPFRONT with Rahul Shivshankar.‚Ä¶",neutral
10,"@RahulEaswar Crazy,in fact, dear Rahul. How on earth is this possible?",neutral
11,"RT @taran_adarsh: Akshaye Khanna... Character poster of #Section375... Costars Richa Chadha, Rahul Bhat and Meera Chopra... Directed by Aja‚Ä¶",negative
12,RT @iMac_too: Ignominy. Pappu @rahulgandhi family's consigliere is now officially an absconding offender https://t.co/kVYiFDqxkr,positive
13,"RT @jaiprakashshah2: @RahulGandhi Hey Rahul gandi look how your cental Gov done with Amit shah and Modi Ji and how modi Ji co-operated,but‚Ä¶",positive
14,@BeingRobinhood7 @RahulVerma4860 bro nothing against bollywood heroes.  Rahul is against south films so I am targetting at him.,positive
15,RT @AdityaRajKaul: Important. Setback for Pakistan. Senior US State Department official has just spoken off record to a group of journalist‚Ä¶,neutral
16,@GayatriBhargav1 @iamnagarjuna @Rakulpreet @23_rahulr MR. Rahul ur not fit for Director  with  Star Hero Nagarjuna,positive
17,"RT @5Forty3: Whether it is Imran Khan or Rahul Gandhi, all you see is sheer impotent anger directed against @narendramodi on Social Media a‚Ä¶",neutral
18,"RT @Swamy39: Nowadays Pioneer‚Äôs front page is giving the most clinically valid and correct reporting of PC type cases. Who does it:,The gre‚Ä¶",neutral
19,"Rahul Gandhi should ask himself  did they made #CBI accountable ,free from clutch of political pressure? Answer is‚Ä¶ https://t.co/BBTO1APL0l",positive
20,"RT @DeccanHerald: Modi govt using ED, CBI and sections of media to assassinate the character of #Chidambaram: Rahul Gandhi. 

https://t.co/‚Ä¶",negative
21,RT @chetanshetty9: Mumbra has become a lawless ghetto ! They have zero fear for law enforcement officers ! No prizes for guessing which com‚Ä¶,positive
22,"RT @jaiprakashshah2: @RahulGandhi Hey Rahul gandi look how your cental Gov done with Amit shah and Modi Ji and how modi Ji co-operated,but‚Ä¶",positive
23,RT @Ibne_Sena: Acha @Twitter now I'm violating Pakistani laws üòÑ https://t.co/DDBcbcoe8g,positive
24,RT @TheAngryLord: Rahul Gandhi was so happy when UPA was in power. Anticipation of arrest of #PChidambaram is certainly causing fear https:‚Ä¶,positive
25,@RahulGandhi Public is waiting for that happiest day when rahul &amp; his family will b behind d bars...,negative
26,"RT @TimesNow: SENSATIONAL CHARGE by @Swamy39. He says, P Chidambaram is Gandhis‚Äô ‚Äòmoney launderer‚Äô. | INDIA UPFRONT with Rahul Shivshankar.‚Ä¶",neutral
27,RT @TheAngryLord: Rahul Gandhi was so happy when UPA was in power. Anticipation of arrest of #PChidambaram is certainly causing fear https:‚Ä¶,positive
28,"This is what's wrong with faith.
People troubling and beating humans coz they want to worship a God.
History shows‚Ä¶ https://t.co/MPonvUA5Rz",neutral
29,"RT @jaiprakashshah2: @RahulGandhi Hey Rahul gandi look how your cental Gov done with Amit shah and Modi Ji and how modi Ji co-operated,but‚Ä¶",positive
30,@fayedsouza My Friend Rahul just Lost His Job Recently.,positive
31,"After Priyanka, Rahul Gandhi comes out in support of Chidambaram, says Modi govt using CBI and ED

After Priyanka G‚Ä¶ https://t.co/VPvcbrGXUy",neutral
32,"RT @htTweets: .@RahulGandhi accuses government of using central agencies to malign #PChidambaram

https://t.co/Xw5tm3kqSX https://t.co/vaca‚Ä¶",neutral
33,@timesofindia congress is powerful than security council without support from mainstream people !see if there were a support !!Rahul is ‚úä‚úä,neutral
34,".@RahulGandhi accuses government of using central agencies to malign #PChidambaram

https://t.co/Xw5tm3kqSX https://t.co/vacaTEBhU5",neutral
35,"RT @BalaKri74583199: Missing Alert!

Name: P Chidambaram
Last seen: In New Delhi
Height: Of Corruption
Colour: Similar to Rahul Gandhi‚Äôs Fu‚Ä¶",negative
36,"RT @TimesNow: SENSATIONAL CHARGE by @Swamy39. He says, P Chidambaram is Gandhis‚Äô ‚Äòmoney launderer‚Äô. | INDIA UPFRONT with Rahul Shivshankar.‚Ä¶",neutral
37,"RT @IndianExpress: ‚ÄúModi‚Äôs Govt is using the ED, CBI &amp; sections of a spineless media to character assassinate Mr Chidambaram,"" Rahul said‚Ä¶",negative
38,"Heard @INCIndia is planning to install Sachin Pilot, Scindia or Manmohan (all worse than Rahul) as next President?‚Ä¶ https://t.co/NCKUdsLEzB",negative
39,"#Prabhas  &amp; #ShraddhaKapoor   coming at  #KapilSharma  show today  
üòçüòç

#Saaho promotions 
Mumbai Hindi https://t.co/CGBirxiRRl",positive
40,"RT @ThePrintIndia: Congress leaders Rahul &amp; Priyanka Gandhi say Chidambaram being ‚Äòhunted down‚Äô

https://t.co/1pDp451LF2",negative
41,"Has CBI checked the residences of Rahul,Sonia and Priyanka. In all possibilities the kingpin may be hiding there.Af‚Ä¶ https://t.co/8N6yQ4huoY",positive
42,@Queen36040611 Yup she is here üòÑ,positive
43,"RT @Outlookindia: ""Modi's Govt is using the ED, CBI &amp; sections of a spineless media to character assassinate Mr. Chidambaram,"" tweeted 
@Ra‚Ä¶",negative
44,@SunnyLeone Your hands looking like shit,negative
45,"RT @sujataanandan: Well, I do want to see Raj Thackeray take on the Modi govt. So far he is the only one apart from Rahul Gandhi who has pr‚Ä¶",positive
46,"RT @IndiaToday: Rahul Gandhi slams Centre over the action of probe agencies against former Union finance minister P Chidambaram.
https://t.‚Ä¶",negative
47,"RT @psychosid_: Short tempered people r supporting #himaja &amp; #MaheshVitta

Sensitive people r supporting #ravi &amp; #Jyothi

Intelligent peopl‚Ä¶",positive
48,"MRS Priyanka, Rahul Gandhi WHERE ARE YOU WHEN HE F.M. DOING SUCH WORKS FOR YOUR. COURT IS DOING EVERYTHING DON'T BARKING CHOR CONGRESS",positive
49,RT @SwamiGeetika: @priyankagandhi @PChidambaram_IN Did Rahul Gandhi even mean that no corrupt should escape the clutches of law? Why Congre‚Ä¶,negative
50,RT @TheAngryLord: Rahul Gandhi was so happy when UPA was in power. Anticipation of arrest of #PChidambaram is certainly causing fear https:‚Ä¶,positive
51,RT @TimesNow: #Breaking | No hearing today on the Anticipatory Bail plea of @PChidambaram_IN. Supreme Court denies urgent hearing of the ba‚Ä¶,negative
52,"RT @republic: #LIVE on #ChidambaramMissing | Rahul Gandhi backs P. Chidambaram, claims 'character assassination' 

Stay tuned for non-stop‚Ä¶",neutral
53,"RT @Pun_Starr: Few days ago, Governor Satya Pal Mallik invited Rahul Gandhi to J&amp;K to see that situation is normal.

Today, Ghulam Nabi Aza‚Ä¶",positive
54,"RT @NH_India: #Congress leader #RahulGandhi on Wednesday accused the government of using the #ED, the #CBI and sections of the media to ""ch‚Ä¶",neutral
55,"RT @jaiprakashshah2: @RahulGandhi Hey Rahul gandi look how your cental Gov done with Amit shah and Modi Ji and how modi Ji co-operated,but‚Ä¶",positive
56,"RT @Loneranger9new: Tadipar is just on his revenge spree, not going to work for long, Rahul Ji will fix all these illiterate bhakts in 2024.",negative
57,RT @TheAngryLord: Rahul Gandhi was so happy when UPA was in power. Anticipation of arrest of #PChidambaram is certainly causing fear https:‚Ä¶,positive
58,"RT @jaiprakashshah2: @RahulGandhi Hey Rahul gandi look how your cental Gov done with Amit shah and Modi Ji and how modi Ji co-operated,but‚Ä¶",positive
59,"RT @Pun_Starr: Few days ago, Governor Satya Pal Mallik invited Rahul Gandhi to J&amp;K to see that situation is normal.

Today, Ghulam Nabi Aza‚Ä¶",positive
60,RT @9GAG: How my internet works https://t.co/j2RyPOu29G,positive
61,"RT @mvmeet: The biggest achievement of PM Modi is:

He stopped Congress leaders from looting India
And forced them to apply for bail

Eg: S‚Ä¶",negative
62,"RT @jaiprakashshah2: @RahulGandhi Hey Rahul gandi look how your cental Gov done with Amit shah and Modi Ji and how modi Ji co-operated,but‚Ä¶",positive
63,"RT @iamsareer: @RahulGandhi Only condemning will not help Rahul.
Get up",neutral
64,"@RahulGandhi Indian ppl still sleeping
Select the good leader like@Rahul gandhi",positive
65,"Well @divyaspandana lost her job..
kya yehi Rahul Gandhi k women empowerment hai?
https://t.co/DoWhVSH4Py",positive
66,"RT @BalaKri74583199: Missing Alert!

Name: P Chidambaram
Last seen: In New Delhi
Height: Of Corruption
Colour: Similar to Rahul Gandhi‚Äôs Fu‚Ä¶",negative
67,"@spark1ing_sugar @EmmaDee77 Let‚Äôs do it! I won last year, was originally gutted when I picked out Rahul but he came‚Ä¶ https://t.co/RcTjUHlE7w",negative
68,"@fayedsouza Rahul Gandhi Lost his job as Congress President.
Industry- Politics",neutral
69,@ARCsays @CabipoolMUM @narendramodi @PMOIndia @Dev_Fadnavis in ur own words 32k people yet use it right daily! a bi‚Ä¶ https://t.co/7ZVai8Ojk4,positive
70,"RT @jgopikrishnan70: CBI registers new FIR dtd Aug 19 against Prannoy Roy, Wife Radhika, Vikram Chandra, NDTV and public officials under Pr‚Ä¶",neutral
71,"Prabhas  during Saaho shoot
Still https://t.co/MoG09CEm0x",negative
72,Rahul Gandhi accuses govt of using central agencies to malign Chidambaram | india news - https://t.co/6A0AeLwrAl,neutral
73,RT @TheAngryLord: Rahul Gandhi was so happy when UPA was in power. Anticipation of arrest of #PChidambaram is certainly causing fear https:‚Ä¶,positive
74,RT @TheAngryLord: Rahul Gandhi was so happy when UPA was in power. Anticipation of arrest of #PChidambaram is certainly causing fear https:‚Ä¶,positive
75,RT @amitksingh01: @_ajaykumargupta possible...last month only PC had spoken about the discomfort in Congress due to uncertainty after Rahul‚Ä¶,negative
76,RT @TimesNow: #Breaking | No hearing today on the Anticipatory Bail plea of @PChidambaram_IN. Supreme Court denies urgent hearing of the ba‚Ä¶,negative
77,RT @BrijMohanBhama: @hvgoenka This is reality of IndianüáÆüá≥ economy üëç,positive
78,"@CJI_SC @rsprasad @lawmininida
@AmitShahOffice
Govt using ED, CBI and sections of the media to character assassinat‚Ä¶ https://t.co/Vl5ELPj5e2",neutral
79,@RahulGandhi Mr. Rahul stay on one side. Don‚Äôt behave like Modi bakthas,positive
80,"1600+ combined raid points
65 combined Super 10s
1 epic battle! 

Rahul 'Showman' Chaudhari or Deepak Niwas Hooda ‚Äì‚Ä¶ https://t.co/X6mI1l0FAg",positive
81,"RT @ani_digital: Trump calls Kashmir 'a complicated situation', once again offers his proposal to mediate

Read @ANI Story | https://t.co/s‚Ä¶",neutral
82,RT @TheAngryLord: Rahul Gandhi was so happy when UPA was in power. Anticipation of arrest of #PChidambaram is certainly causing fear https:‚Ä¶,positive
83,"@RubikaLiyaquat "" Mr Kingpin """,positive
84,"RT @kanimozhi: @iMac_too @PChidambaram_IN It is @RahulGandhi way to teach a lesson to PC, for blackmailing him for a LS seat for his son.‚Ä¶",positive
85,"RT @timesofindia: Govt using ED, CBI and sections of the media to character assassinate Chidambaram: @RahulGandhi https://t.co/Be8ywXo0zA",negative
86,@SahibaB22622422 THIS QUESTION CAN BE SOLVED ONLY BY RAHUL GANDHI,negative
87,"RT @TimesNow: SENSATIONAL CHARGE by @Swamy39. He says, P Chidambaram is Gandhis‚Äô ‚Äòmoney launderer‚Äô. | INDIA UPFRONT with Rahul Shivshankar.‚Ä¶",neutral
88,@_ajaykumargupta possible...last month only PC had spoken about the discomfort in Congress due to uncertainty after Rahul resigned,negative
89,"RT @BalaKri74583199: Missing Alert!

Name: P Chidambaram
Last seen: In New Delhi
Height: Of Corruption
Colour: Similar to Rahul Gandhi‚Äôs Fu‚Ä¶",negative
90,"RT @Vidyaraj51: Spinning industry facing biggest crisis! Huge job losses

D slowdown in textile ind, which provides employment to abt 10 cr‚Ä¶",negative
91,"RT @adah_sharma: Cheetah ! Cheetah ! Cheetah ! That's Rahul not me ! 
I'm a Leopard üëºüòáüêÜ - #KuchKuchHotaHaiTumNahiSamjhoge
#Rahulfromkuchkuc‚Ä¶",negative
92,"RT @IndianExpress: Parle, founded in 1929, employs about 100,000 people. In 2003, its flagship biscuit brand Parle-G was considered the wor‚Ä¶",positive
93,Why do Rahul Gandhi and Gandhi family always stand in support of the corrupt persons of the country and the opponen‚Ä¶ https://t.co/rAKPtngITq,negative
94,@news18dotcom @CNNnews18 A pity they restrict themselves to character assassination Mr. Rahul.,negative
95,"Modi government using CBI, ED to target #Chidambaram : Rahul 

https://t.co/yXwDA3U8BB

#RahulGandhi",negative
96,"Insights into #insurance product management by #insurtech @hippo_insurance's CPO on @InsNerds podcast.
Another inst‚Ä¶ https://t.co/Y0oDfx6qEF",neutral
97,"@fayedsouza Rahul Gandhi as Congress President. 
Industry - Politics.",positive
98,RT @TimesNow: #Breaking | No hearing today on the Anticipatory Bail plea of @PChidambaram_IN. Supreme Court denies urgent hearing of the ba‚Ä¶,negative
99,RT @TimesNow: #Breaking | No hearing today on the Anticipatory Bail plea of @PChidambaram_IN. Supreme Court denies urgent hearing of the ba‚Ä¶,negative
100,RT @TheAngryLord: Rahul Gandhi was so happy when UPA was in power. Anticipation of arrest of #PChidambaram is certainly causing fear https:‚Ä¶,positive
